CustomerID,CustomerName,Email,Phone,City
1,Megan Hart,biancarobinson@example.org,5654071458,Anitafurt
2,Erin Johnson,elizabethsmith@example.org,9431195044,North Haleybury
3,Stacey Crosby,joseph71@example.com,0357084648,Lake Nicolechester
4,Gina Scott,zsloan@example.org,8734824667,West Matthewborough
5,Steve Calhoun,lisalopez@example.org,4283667305,South Peterhaven
6,Kevin Wang,pacematthew@example.org,1313202367,Ashleystad
7,Charles Clark,gcuevas@example.org,6041842630,North Jennifer
8,Rodney Charles,taraallen@example.org,8043837626,Thomasberg
9,Gerald Edwards,margaret01@example.org,4989778650,Susanland
10,Dillon Ryan,anitaharris@example.com,7846363251,Kevinfort
11,Karen Reese,douglasgiles@example.com,0638480185,Sanchezburgh
12,Jeremy Hicks,andrew75@example.com,0197546478,New Bridgetside
13,Amy Black,daniel25@example.org,3843024357,Jenniferhaven
14,Zachary Fisher,brian59@example.net,4522990421,West Ronaldside
15,Sarah Wilkins,dan56@example.org,8033821175,Andreaburgh
16,Jonathan Copeland,william32@example.net,4186882662,Markchester
17,Alexander Nguyen II,brianmoore@example.com,9014281359,West Kristinfurt
18,Holly Hernandez,brettmays@example.com,0994383384,Port Amber
19,Timothy Collins,emendoza@example.net,4124244621,Jamesside
20,Andrea Clark,erinthomas@example.net,8532436941,Antoniofort
21,Michael Graham,swilliams@example.net,0397459656,Danielbury
22,Karen Blake,yatesadam@example.com,4314709780,Stewartburgh
23,Mandy Snyder,ojohnson@example.com,5557339953,Port Susan
24,Sean Alexander,anthony31@example.net,4985460030,East Brianchester
25,Leslie Hardy,patriciaowens@example.com,9271964902,Teresamouth
26,George Owens,brett73@example.org,7456963424,New Brianland
27,Taylor Reyes,saramills@example.org,6314684235,Stevenside
28,Melissa Perez,jessicalewis@example.net,0454719040,Deleonstad
29,Doris Landry,lisa94@example.com,5896262263,Lake Jasonshire
30,Gabriel Wang,rebeccaodonnell@example.net,3709233128,Cunninghamside
31,Jennifer Carter,ysalazar@example.com,3315910301,Brownfurt
32,Christopher Lopez,cristina05@example.net,7555260998,Chandlerton
33,Tristan Salinas,maymonique@example.net,1199939604,Port Tiffany
34,Corey Anderson,ryan24@example.org,5303395092,Williamsbury
35,Mary Hill,houstoncarl@example.net,0168816354,Samanthafort
36,Cynthia Thomas,mckenzieamber@example.net,2100380718,North Angelicabury
37,Emily Craig,irice@example.com,8225264545,Christopherville
38,Kevin Suarez,gsnyder@example.org,0450420581,Hintontown
39,Matthew Hernandez,mullinsamanda@example.org,4148253348,West Amanda
40,Jason Li,nlivingston@example.org,4075734127,Robertshire
41,Nicole Ortiz,anthony77@example.net,0846711953,Davidfurt
42,Amy Lewis,samanthacasey@example.net,0584574078,Kathrynville
43,David Davis,griffithhannah@example.com,5408829318,North Debbie
44,Jeremy Walker,kblackburn@example.com,1905416622,Aaronton
45,Brandon Hernandez,williamsondylan@example.com,6599741532,East Monicashire
46,Casey Spears,katieperkins@example.net,4402355835,Port Amyhaven
47,Lori Garcia,stewartraven@example.com,1683341831,Marcusshire
48,Emily Salinas,zgraham@example.net,2135763934,South Brianport
49,Brian Gonzalez,wrightheather@example.net,9102937961,Robertsonshire
50,Laura Dalton,brandon97@example.org,5835540783,New Oscarland
51,Joseph Potts,jessicajoseph@example.org,5520760387,North Kristen
52,Andrew Moon,ngarcia@example.org,1925817302,Lake Kristinfurt
53,Sarah Avila,robertsonjustin@example.com,8244567228,Dukestad
54,Christopher Reyes,diana77@example.org,6127603653,New Stephanie
55,Denise Montgomery,ihunter@example.com,4581783327,North Jacquelinechester
56,Mr. James Miller,leslie48@example.com,5558743878,Woodsberg
57,Jonathan Johnson,cgregory@example.net,5127838899,East Michael
58,Dr. Jeremy Flores DVM,cassandra32@example.com,7504773309,Tracychester
59,Cindy Castaneda,davilakathleen@example.com,4809691460,North Andrew
60,Robert Chen,roweryan@example.com,6400702918,East Alexanderstad
61,Mrs. Jennifer Kennedy,tammy64@example.org,8999394918,Jasonmouth
62,Angel Bates,bethwilson@example.net,1380489126,West Cindy
63,Rose Garner,plewis@example.net,6193242694,Ingramstad
64,Corey Morris,jackiedawson@example.org,3804169079,Middletonville
65,Nicole Esparza,jeremyburns@example.com,7707493669,North Timothyville
66,Gary Sanders,idunn@example.com,7645132639,Summersfurt
67,Ryan Hernandez,kevinyoung@example.net,2597259027,West Bethberg
68,Christopher Wise,aliciawebb@example.net,3565018785,Brettton
69,Michael Bradley,younggary@example.net,4583530387,Lake Josephland
70,Jennifer Walker,michelle40@example.com,9418973066,Sharontown
71,Mrs. Erin Parks MD,umosley@example.net,1832516713,Port Maryhaven
72,Brian Lowe,dana18@example.net,3602726509,Fritzland
73,Amber Ward,zmorales@example.org,6529561990,Jacquelineville
74,Brian Johnson,ryan28@example.org,4894577542,Sampsonmouth
75,Colleen Lopez,mendezstephanie@example.net,9246802912,Mitchellville
76,Barbara Silva,peterjohnson@example.org,5075290017,Jessicachester
77,Richard Scott,itorres@example.com,6109811146,South Prestonport
78,David Hardin,yharvey@example.org,2106269772,Port Richardbury
79,Megan Perez,johnscott@example.org,4649135744,Marshallmouth
80,Melinda Wright,ymercado@example.net,0068037595,Michaelville
81,Derek Harvey,zmason@example.org,9275986332,Boltontown
82,Anthony Sharp,michael05@example.net,3250031859,Draketon
83,Russell Powell,sean11@example.net,7043884226,Cohenhaven
84,Jennifer Gutierrez,youngrobert@example.org,0935963542,Melissaview
85,Stephanie Ryan,curtis48@example.org,4801481851,Rangelberg
86,John Clayton,robin27@example.org,6502089266,Patrickville
87,Lauren Sellers,joseph13@example.com,5292193865,Lake David
88,Gina Montgomery,washingtondavid@example.net,5196631815,Smithville
89,David Scott,troy86@example.com,3040281085,Quinnmouth
90,Ryan Mcgrath,santosrachel@example.net,3132231888,South Jessicaton
91,Antonio Clarke,loverichard@example.org,3850478688,Smithbury
92,Brent Rivera,mary42@example.com,8855474567,North Charlenestad
93,Brett Nixon,olivia42@example.com,0029885977,Lake Dillonmouth
94,Michael Smith,lopezlouis@example.com,8580385104,Williamsfurt
95,Jerry Pham,sanchezcurtis@example.com,8305153407,East Amber
96,Sandra Roberts,kennedysusan@example.net,1650448421,East Jorgefurt
97,John Johnston,terri45@example.net,6199665199,West Jessica
98,Marilyn Johnson,mendozasharon@example.org,3083378780,Simmonsfort
99,Kristen Holloway,ryan89@example.org,6782787130,Wheelermouth
100,Michele Miller,dana81@example.com,4515240705,West Davidbury
