ds,yhat,yhat_lower,yhat_upper
2026-01-04,199993.0281781248,23165.288963868927,375559.00167047954
2026-01-05,57628.514217104545,-107051.50417817611,240033.44348446597
2026-01-09,185117.7340724353,20117.45905513528,368879.07205801475
2026-01-13,171564.41569150047,-1094.9842195449755,348633.1638839943
2026-01-16,186355.51628643842,-1738.8975708894097,366924.4112914818
2026-01-17,120857.87138889724,-61469.48265211006,304557.8176176689
2026-01-22,144791.87384928358,-45656.333591738934,308299.12410701485
2026-01-23,187593.29850007623,1343.4160621246076,373115.428173564
2026-01-27,174039.98011952423,4807.246931455638,356569.2795945049
2026-02-06,190068.86292851216,15155.763473616096,366615.791269994
2026-02-07,124571.21803086666,-52019.626105034105,304816.0774005953
2026-02-11,181967.4648821504,6326.466992111147,357293.61731273413
2026-02-13,191306.64514314051,16261.225153992706,364964.705220892
2026-02-17,177753.32676313724,-2418.0943851934258,355609.4547498752
2026-02-18,183205.2470972051,-10430.593714850986,352016.9041128237
2026-02-19,149743.00270762073,-38699.559768618856,331074.44591797015
2026-02-25,184443.02931271057,15543.70442871044,376007.4675674528
2026-02-26,150980.78492261795,-26892.70805615613,332518.63725266
2026-03-03,180228.89119414327,7136.614752626375,378650.36645553523
2026-03-04,185680.81152854703,7834.345723416887,365178.7396138824
2026-03-07,129522.34689221095,-54579.634627055806,305433.5247213793
2026-03-11,186918.5937435715,6166.457773510191,366584.44989633805
2026-03-15,212370.85032500813,28994.21594064046,391707.09980816854
2026-03-16,70006.33636418117,-110277.93216871294,242014.65119441177
2026-03-18,188156.37595877863,7088.714010754888,367729.5116704617
2026-03-19,154694.13156889452,-23431.718433850594,327614.8115735923
2026-03-21,131997.9113221386,-53057.94444693384,314944.8181714871
2026-03-22,213608.63254006064,59965.01891105336,419551.83191753377
2026-03-23,71244.11857909533,-102975.1208671267,248097.90955742542
2026-03-24,183942.23783940214,5788.402339609369,366049.3783631789
2026-03-26,155931.91378390332,-29374.40372745966,328643.356792445
2026-03-28,133235.69353773113,-49660.17199026696,312048.67109363806
2026-04-10,201208.9028670207,32019.58201712493,394171.7865338475
2026-04-11,135711.2579694337,-54490.63872226916,322215.2535422152
2026-04-16,159645.2604315557,-10720.317907896375,346257.29647809354
2026-04-21,188893.3667024212,4153.93891250903,363747.11674074264
2026-04-26,219797.54361874593,34223.55137932949,401076.59859341
2026-05-03,221035.32583436684,25251.45254530947,403918.27882576647
2026-05-06,196820.85146788883,27241.328364839632,383490.7730064527
2026-05-08,206160.03172923205,17070.582208198015,380080.445215352
2026-05-10,222273.1080494036,50513.27882093256,407382.88805903815
2026-05-12,192606.713349051,12213.959176210918,376583.0022828788
2026-05-21,165834.17150923482,-11953.913892396538,347102.9450550543
2026-05-24,224748.6724809964,39302.34562156529,403945.44594305236
2026-05-26,195082.2777809335,25537.72184749232,370794.7722135066
2026-05-28,167071.95372515218,-9367.042160176581,352337.18831896386
2026-06-02,196320.05999639252,15008.227925932088,363500.3912493502
2026-06-09,197557.8422113842,32005.15726877014,375927.83834794624
2026-06-11,169547.51815594756,-15357.988087169188,338594.6025470169
2026-06-12,212348.94280681649,17952.93788521709,408996.3426275561
2026-06-13,146851.2979096155,-46321.77160308046,321991.29167453747
2026-06-15,86097.50516643107,-97175.89334572034,258813.28624583464
2026-06-16,198795.6244266388,22372.44985079383,373865.4743422266
2026-06-19,213586.72502169092,36211.58283816698,387950.0840960426
2026-06-20,148089.08012404214,-55600.28969431611,333470.23678193643
2026-06-24,205485.32697537122,46348.499317278816,396028.01128958375
2026-06-27,149326.86233824145,-29348.58351983657,322678.6010460645
2026-06-28,230937.5835559641,54338.44496608263,401177.36465165764
2026-07-01,206723.1091891714,44343.6606378951,383806.84365583403
2026-07-04,150564.64455205319,-29935.157174974513,326158.01601972885
2026-07-05,232175.36576979686,57215.93800067878,408332.9794410617
2026-07-08,207960.89140264216,30086.487156087296,385863.3257531962
2026-07-11,151802.42676565092,-24855.917474896887,328224.33964519034
2026-07-12,233413.14798333455,66133.07589500757,415179.1991785734
2026-07-14,203746.75328216175,4477.812430288434,387632.72102946
2026-07-15,209198.6736161944,29536.73647943713,391686.58153739857
2026-07-17,218537.85387700915,37280.53722580816,392454.7060024305
2026-07-18,153040.20897895485,-14022.670313589968,342944.85972819285
2026-07-21,204984.53549545945,26170.95088606495,392620.9742769715
2026-07-22,210436.45582958907,24865.249482807292,392868.9531431801
2026-07-26,235888.71240993295,62343.36467162055,407803.563077849
2026-07-28,206222.31770875727,31321.268139125834,377549.27824675717
2026-08-05,212912.02025604018,35808.4644303266,400563.75022295635
2026-08-10,95999.76287550312,-73896.92729877339,284242.97713333217
2026-08-15,157991.3378324511,-18267.187490947388,339684.6653943177
2026-08-18,209935.6643487339,35489.4937781443,378163.29844687734
2026-08-19,215387.584682888,51089.897655182,395590.92960459966
2026-08-24,98475.32730224286,-87091.15993551521,282354.0973637761
2026-08-27,183163.1225059216,11998.005931364489,368252.8715096474
2026-08-28,225964.54715680188,56749.85726299658,416296.6001867833
2026-08-29,160466.90225901737,-22001.983833943134,339708.7139419666
2026-08-30,242077.62347676762,80464.60211668379,411526.03560488037
2026-08-31,99713.10951540714,-75387.75470166812,269945.2119350972
2026-09-01,212411.22877566368,38766.09843403642,390443.58273304044
2026-09-02,217863.14910933914,29234.54915537993,388140.25957495405
2026-09-03,184400.90471928404,16978.56673284033,355197.9317039997
